{"stats":{"minecraft:killed":{"minecraft:sheep":2},"minecraft:custom":{"minecraft:time_since_rest":40002,"minecraft:sprint_one_cm":20763,"minecraft:play_time":40002,"minecraft:damage_taken":240,"minecraft:walk_one_cm":158506,"minecraft:mob_kills":2,"minecraft:jump":127,"minecraft:damage_dealt":480,"minecraft:leave_game":2,"minecraft:time_since_death":40002,"minecraft:total_world_time":40002,"minecraft:fall_one_cm":1566,"minecraft:fly_one_cm":5167},"minecraft:mined":{"minecraft:large_fern":1,"minecraft:grass_block":1,"minecraft:dirt":15,"minecraft:spruce_log":5,"butchersdelight:deadpigblock":2,"butchersdelight:deadchickenblock":3,"minecraft:oak_leaves":6,"minecraft:fern":3,"butchersdelight:deadsheepblock":1},"minecraft:picked_up":{"butchersdelight:deadchiken":3,"minecraft:feather":3,"minecraft:chicken":3,"butchersdelight:deadsheep":3,"minecraft:wheat_seeds":1,"butchersdelight:deadpig":4,"minecraft:spruce_log":5,"minecraft:dirt":16,"minecraft:white_wool":2},"minecraft:used":{"minecraft:dirt":12,"minecraft:chicken":3}},"DataVersion":3465}