{
  "minecraft:adventure/adventuring_time": {
    "criteria": {
      "minecraft:taiga": "2024-07-15 06:03:32 +0000",
      "minecraft:forest": "2024-07-15 06:02:27 +0000",
      "minecraft:old_growth_spruce_taiga": "2024-07-15 06:09:04 +0000",
      "minecraft:meadow": "2024-07-15 05:29:53 +0000",
      "minecraft:plains": "2024-07-15 05:59:43 +0000"
    },
    "done": false
  },
  "idas:idas_root": {
    "criteria": {
      "always": "2024-07-15 05:56:24 +0000"
    },
    "done": true
  },
  "biomesoplenty:biomesoplenty/all_biomes": {
    "criteria": {
      "shrubland": "2024-07-15 06:00:26 +0000"
    },
    "done": false
  },
  "minecraft:adventure/root": {
    "criteria": {
      "killed_something": "2024-07-15 06:05:14 +0000"
    },
    "done": true
  },
  "orcz:orczchallenge": {
    "criteria": {
      "orczchallenge": "2024-07-15 05:56:24 +0000"
    },
    "done": true
  },
  "idas:pillager_fortress": {
    "criteria": {
      "in_pillager_fortress": "2024-07-15 06:07:31 +0000"
    },
    "done": true
  },
  "minecraft:husbandry/balanced_diet": {
    "criteria": {
      "chicken": "2024-07-15 06:08:24 +0000"
    },
    "done": false
  },
  "minecraft:husbandry/root": {
    "criteria": {
      "consumed_item": "2024-07-15 06:08:24 +0000"
    },
    "done": true
  },
  "farmersdelight:main/root": {
    "criteria": {
      "seeds": "2024-07-15 05:56:24 +0000"
    },
    "done": true
  },
  "create:root": {
    "criteria": {
      "0": "2024-07-15 05:56:24 +0000"
    },
    "done": true
  },
  "tombstone:adventure/root": {
    "criteria": {
      "auto": "2024-07-15 05:56:26 +0000"
    },
    "done": true
  },
  "biomesoplenty:biomesoplenty/root": {
    "criteria": {
      "shrubland": "2024-07-15 06:00:26 +0000"
    },
    "done": true
  },
  "DataVersion": 3465
}